{
  "pre_acuerdo": {
    "year": 2013,
    "label": "T1: Pre-acuerdo (conflicto activo)",
    "overall_accuracy": 0.6923,
    "kappa": 0.616,
    "n_training": 1070,
    "n_validation": 429,
    "n_images": 157,
    "confusion_matrix": [
      [
        0,
        0,
        0,
        0,
        0,
        0,
        0
      ],
      [
        0,
        57,
        17,
        6,
        0,
        0,
        1
      ],
      [
        0,
        15,
        58,
        9,
        0,
        2,
        3
      ],
      [
        0,
        32,
        25,
        28,
        0,
        0,
        5
      ],
      [
        0,
        0,
        0,
        0,
        0,
        0,
        0
      ],
      [
        0,
        0,
        0,
        0,
        0,
        84,
        2
      ],
      [
        0,
        1,
        11,
        3,
        0,
        0,
        70
      ]
    ],
    "producers_accuracy": [
      [
        0
      ],
      [
        0.7037037037037037
      ],
      [
        0.6666666666666666
      ],
      [
        0.3111111111111111
      ],
      [
        0
      ],
      [
        0.9767441860465116
      ],
      [
        0.8235294117647058
      ]
    ],
    "users_accuracy": [
      [
        0,
        0.5428571428571428,
        0.5225225225225225,
        0.6086956521739131,
        0,
        0.9767441860465116,
        0.8641975308641975
      ]
    ],
    "class_areas_ha": {
      "1": {
        "name": "Bosque denso",
        "area_ha": 1527871.3
      },
      "2": {
        "name": "Bosque secundario",
        "area_ha": 1030671.8
      },
      "3": {
        "name": "Pasturas",
        "area_ha": 832367.6
      },
      "4": {
        "name": "Cultivos",
        "area_ha": 0
      },
      "5": {
        "name": "Agua",
        "area_ha": 64194.7
      },
      "6": {
        "name": "Urbano",
        "area_ha": 210782.5
      },
      "7": {
        "name": "Suelo desnudo",
        "area_ha": 0
      }
    }
  },
  "transicion": {
    "year": 2016,
    "label": "T2: Transicion (post-cese al fuego)",
    "overall_accuracy": 0.7175,
    "kappa": 0.6462,
    "n_training": 1008,
    "n_validation": 492,
    "n_images": 210,
    "confusion_matrix": [
      [
        0,
        0,
        0,
        0,
        0,
        0,
        0
      ],
      [
        0,
        62,
        32,
        4,
        0,
        0,
        1
      ],
      [
        0,
        20,
        61,
        10,
        0,
        0,
        9
      ],
      [
        0,
        24,
        24,
        38,
        0,
        1,
        5
      ],
      [
        0,
        0,
        0,
        0,
        0,
        0,
        0
      ],
      [
        0,
        0,
        0,
        0,
        0,
        101,
        2
      ],
      [
        0,
        0,
        5,
        0,
        0,
        2,
        91
      ]
    ],
    "producers_accuracy": [
      [
        0
      ],
      [
        0.6262626262626263
      ],
      [
        0.61
      ],
      [
        0.41304347826086957
      ],
      [
        0
      ],
      [
        0.9805825242718447
      ],
      [
        0.9285714285714286
      ]
    ],
    "users_accuracy": [
      [
        0,
        0.5849056603773585,
        0.5,
        0.7307692307692307,
        0,
        0.9711538461538461,
        0.8425925925925926
      ]
    ],
    "class_areas_ha": {
      "1": {
        "name": "Bosque denso",
        "area_ha": 1284499.7
      },
      "2": {
        "name": "Bosque secundario",
        "area_ha": 942361.7
      },
      "3": {
        "name": "Pasturas",
        "area_ha": 1176047.0
      },
      "4": {
        "name": "Cultivos",
        "area_ha": 0
      },
      "5": {
        "name": "Agua",
        "area_ha": 65063.0
      },
      "6": {
        "name": "Urbano",
        "area_ha": 197916.6
      },
      "7": {
        "name": "Suelo desnudo",
        "area_ha": 0
      }
    }
  },
  "post_acuerdo_1": {
    "year": 2020,
    "label": "T3: Post-acuerdo temprano",
    "overall_accuracy": 0.6777,
    "kappa": 0.5957,
    "n_training": 1016,
    "n_validation": 484,
    "n_images": 1191,
    "confusion_matrix": [
      [
        0,
        0,
        0,
        0,
        0,
        0,
        0
      ],
      [
        0,
        68,
        23,
        10,
        0,
        0,
        0
      ],
      [
        0,
        33,
        49,
        10,
        0,
        0,
        3
      ],
      [
        0,
        32,
        19,
        41,
        0,
        0,
        3
      ],
      [
        0,
        0,
        0,
        0,
        0,
        0,
        0
      ],
      [
        0,
        0,
        1,
        1,
        0,
        105,
        3
      ],
      [
        0,
        5,
        10,
        3,
        0,
        0,
        65
      ]
    ],
    "producers_accuracy": [
      [
        0
      ],
      [
        0.6732673267326733
      ],
      [
        0.5157894736842106
      ],
      [
        0.43157894736842106
      ],
      [
        0
      ],
      [
        0.9545454545454546
      ],
      [
        0.7831325301204819
      ]
    ],
    "users_accuracy": [
      [
        0,
        0.4927536231884058,
        0.4803921568627451,
        0.6307692307692307,
        0,
        1,
        0.8783783783783784
      ]
    ],
    "class_areas_ha": {
      "1": {
        "name": "Bosque denso",
        "area_ha": 1163702.7
      },
      "2": {
        "name": "Bosque secundario",
        "area_ha": 754906.3
      },
      "3": {
        "name": "Pasturas",
        "area_ha": 1570404.6
      },
      "4": {
        "name": "Cultivos",
        "area_ha": 0
      },
      "5": {
        "name": "Agua",
        "area_ha": 57132.2
      },
      "6": {
        "name": "Urbano",
        "area_ha": 119742.1
      },
      "7": {
        "name": "Suelo desnudo",
        "area_ha": 0
      }
    }
  },
  "post_acuerdo_2": {
    "year": 2024,
    "label": "T4: Post-acuerdo reciente",
    "overall_accuracy": 0.6674,
    "kappa": 0.5855,
    "n_training": 1046,
    "n_validation": 454,
    "n_images": 355,
    "confusion_matrix": [
      [
        0,
        0,
        0,
        0,
        0,
        0,
        0
      ],
      [
        0,
        48,
        18,
        9,
        0,
        2,
        3
      ],
      [
        0,
        27,
        48,
        6,
        0,
        4,
        8
      ],
      [
        0,
        30,
        21,
        45,
        0,
        4,
        0
      ],
      [
        0,
        0,
        0,
        0,
        0,
        0,
        0
      ],
      [
        0,
        0,
        0,
        0,
        0,
        91,
        1
      ],
      [
        0,
        9,
        5,
        1,
        0,
        3,
        71
      ]
    ],
    "producers_accuracy": [
      [
        0
      ],
      [
        0.6
      ],
      [
        0.5161290322580645
      ],
      [
        0.45
      ],
      [
        0
      ],
      [
        0.9891304347826086
      ],
      [
        0.797752808988764
      ]
    ],
    "users_accuracy": [
      [
        0,
        0.42105263157894735,
        0.5217391304347826,
        0.7377049180327869,
        0,
        0.875,
        0.8554216867469879
      ]
    ],
    "class_areas_ha": {
      "1": {
        "name": "Bosque denso",
        "area_ha": 1056931.0
      },
      "2": {
        "name": "Bosque secundario",
        "area_ha": 614094.5
      },
      "3": {
        "name": "Pasturas",
        "area_ha": 1831547.5
      },
      "4": {
        "name": "Cultivos",
        "area_ha": 0
      },
      "5": {
        "name": "Agua",
        "area_ha": 87522.3
      },
      "6": {
        "name": "Urbano",
        "area_ha": 75792.6
      },
      "7": {
        "name": "Suelo desnudo",
        "area_ha": 0
      }
    }
  }
}