{
  "pre_acuerdo": {
    "NBR": 61.16017007866953,
    "NDBI": 65.34650719309067,
    "NDVI": 66.3560635923977,
    "NDWI": 79.00680918139642,
    "blue": 69.4101180326374,
    "elevation": 104.52723673613454,
    "green": 79.88049011181907,
    "nir": 71.90672532065051,
    "red": 81.24333468061296,
    "slope": 72.23383407097427,
    "swir1": 80.8900673340471,
    "swir2": 71.25929879424922
  },
  "transicion": {
    "NBR": 53.04527014779264,
    "NDBI": 71.97081533158493,
    "NDVI": 60.35708881963292,
    "NDWI": 64.48895807987195,
    "blue": 60.24984964442563,
    "elevation": 103.53592033712263,
    "green": 74.84110662217729,
    "nir": 64.29582461221645,
    "red": 64.64989341877715,
    "slope": 69.53034703478689,
    "swir1": 92.01593894140417,
    "swir2": 72.61595393508121
  },
  "post_acuerdo_1": {
    "NBR": 69.05284279762557,
    "NDBI": 70.7988202710345,
    "NDVI": 67.70418433651884,
    "NDWI": 70.92578379835659,
    "blue": 76.89680584734283,
    "elevation": 104.66312340896849,
    "green": 65.89905674241982,
    "nir": 58.320340044063016,
    "red": 70.58104636673913,
    "slope": 71.86811595048113,
    "swir1": 84.49479742535743,
    "swir2": 77.18946238668826
  },
  "post_acuerdo_2": {
    "NBR": 73.52294053093878,
    "NDBI": 75.52936418306564,
    "NDVI": 71.01219831560503,
    "NDWI": 74.35238294665477,
    "blue": 89.34379067773635,
    "elevation": 98.405200477431,
    "green": 74.41578225557568,
    "nir": 68.70596481409322,
    "red": 71.87614284894329,
    "slope": 65.53746813099362,
    "swir1": 77.53125733218926,
    "swir2": 81.81101744170778
  }
}